CustomerID,Spending,PurchaseFrequency,CLV,Segment
CUST-10000,284.63,9,3743.13,Champions
CUST-10001,1555.06,5,17468.42,Loyal Customers
CUST-10002,708.37,6,9797.53,Loyal Customers
CUST-10003,506.47,10,7981.46,Champions
CUST-10004,134.81,3,985.99,New Customers
CUST-10005,134.8,2,340.99,Lost Customers
CUST-10006,79.92,4,445.91,Lost Customers
CUST-10007,1055.62,7,14031.23,Champions
CUST-10008,509.54,2,1985.71,New Customers
CUST-10009,665.63,3,4071.02,New Customers
CUST-10010,60.4,9,664.31,New Customers
CUST-10011,1801.78,8,35292.91,Champions
CUST-10012,943.21,4,4746.12,Loyal Customers
CUST-10013,169.34,2,469.41,Lost Customers
CUST-10014,150.34,7,1282.02,Loyal Customers
CUST-10015,151.31,5,1465.33,Loyal Customers
CUST-10016,231.38,6,3348.41,Loyal Customers
CUST-10017,421.96,4,3486.66,Loyal Customers
CUST-10018,332.77,4,3020.81,Loyal Customers
CUST-10019,222.11,6,1622.21,Loyal Customers
CUST-10020,523.19,6,5978.82,Loyal Customers
CUST-10021,125.12,5,1124.45,New Customers
CUST-10022,222.76,7,2882.62,Champions
CUST-10023,278.14,4,1439.51,Loyal Customers
CUST-10024,354.47,5,3703.77,Loyal Customers
CUST-10025,818.97,3,4555.56,New Customers
CUST-10026,161.37,8,2833.23,Champions
CUST-10027,411.01,11,8277.69,Champions
CUST-10028,498.75,5,3476.79,Loyal Customers
CUST-10029,73.78,5,753.58,New Customers
CUST-10030,517.67,4,2948.84,Loyal Customers
CUST-10031,143.48,6,2009.4,Loyal Customers
CUST-10032,83.63,6,1002.1,New Customers
CUST-10033,1536.84,6,12949.74,Loyal Customers
CUST-10034,1735.32,3,12759.98,New Customers
CUST-10035,876.17,3,4925.48,New Customers
CUST-10036,231.64,6,1799.55,Loyal Customers
CUST-10037,101.39,3,612.86,New Customers
CUST-10038,626.38,2,1915.65,New Customers
CUST-10039,340.05,7,5343.34,Champions
CUST-10040,115.08,5,1302.18,Loyal Customers
CUST-10041,391.77,4,3874.85,Loyal Customers
CUST-10042,67.5,6,750.2,New Customers
CUST-10043,1250.21,6,13438.1,Loyal Customers
CUST-10044,199.73,2,870.63,New Customers
CUST-10045,593.13,6,4883.38,Loyal Customers
CUST-10046,236.77,8,3619.77,Champions
CUST-10047,417.06,6,4779.76,Loyal Customers
CUST-10048,445.61,5,2932.83,Loyal Customers
CUST-10049,152.19,5,1326.66,Loyal Customers
CUST-10050,1796.4,1,4148.38,At Risk Customers
CUST-10051,796.12,3,5524.29,New Customers
CUST-10052,1452.55,6,11582.69,Loyal Customers
CUST-10053,1176.08,3,4649.98,New Customers
CUST-10054,505.53,6,4675.63,Loyal Customers
CUST-10055,1324.72,1,3096.12,At Risk Customers
CUST-10056,96.33,3,395.21,Lost Customers
CUST-10057,159.07,2,679.53,New Customers
CUST-10058,73.14,3,292.17,Lost Customers
CUST-10059,246.77,5,2480.1,Loyal Customers
CUST-10060,296.07,4,1969.29,Loyal Customers
CUST-10061,208.28,5,2317.73,Loyal Customers
CUST-10062,932.28,5,7009.79,Loyal Customers
CUST-10063,270.61,8,4396.85,Champions
CUST-10064,214.9,2,647.45,New Customers
CUST-10065,441.2,5,4693.87,Loyal Customers
CUST-10066,125.95,7,2059.33,Loyal Customers
CUST-10067,860.24,6,7044.57,Loyal Customers
CUST-10068,88.74,2,412.91,Lost Customers
CUST-10069,2217.07,7,30599.01,Champions
CUST-10070,789.74,5,5390.95,Loyal Customers
CUST-10071,160.77,8,2258.24,Loyal Customers
CUST-10072,52.77,5,371.79,Lost Customers
CUST-10073,894.95,6,11332.48,Loyal Customers
CUST-10074,663.55,7,10156.07,Champions
CUST-10075,702.83,5,4700.31,Loyal Customers
CUST-10076,787.61,6,8780.16,Loyal Customers
CUST-10077,88.46,2,399.69,Lost Customers
CUST-10078,271.95,5,3286.49,Loyal Customers
CUST-10079,111.58,4,833.5,New Customers
CUST-10080,1044.26,2,5086.33,New Customers
CUST-10081,538.15,8,8164.37,Champions
CUST-10082,250.91,3,1289.01,New Customers
CUST-10083,82.83,4,762.96,New Customers
CUST-10084,236.24,5,2174.48,Loyal Customers
CUST-10085,246.66,4,1789.22,Loyal Customers
CUST-10086,703.94,8,10347.36,Champions
CUST-10087,557.44,2,2565.16,New Customers
CUST-10088,1141.13,5,13017.53,Loyal Customers
CUST-10089,369.53,8,5098.3,Champions
CUST-10090,113.69,5,928.41,New Customers
CUST-10091,674.56,7,8686.04,Champions
CUST-10092,765.2,4,5952.02,Loyal Customers
CUST-10093,461.94,9,6277.14,Champions
CUST-10094,786.94,7,12296.01,Champions
CUST-10095,390.41,2,1430.79,New Customers
CUST-10096,419.84,5,3430.63,Loyal Customers
CUST-10097,328.91,4,1761.45,Loyal Customers
CUST-10098,62.87,4,379.88,Lost Customers
CUST-10099,107.08,6,1563.89,Loyal Customers
CUST-10100,65.97,5,526.62,New Customers
CUST-10101,555.86,6,4734.36,Loyal Customers
CUST-10102,238.7,2,858.78,New Customers
CUST-10103,405.22,5,3240.16,Loyal Customers
CUST-10104,1240.63,4,6181.86,Loyal Customers
CUST-10105,193.37,4,1253.1,Loyal Customers
CUST-10106,314.14,6,3595.04,Loyal Customers
CUST-10107,754.37,3,4338.92,New Customers
CUST-10108,179.9,4,1197.09,New Customers
CUST-10109,90.05,7,1122.99,New Customers
CUST-10110,221.07,7,3799.36,Champions
CUST-10111,137.9,6,1398.81,Loyal Customers
CUST-10112,1377.48,6,12692.29,Loyal Customers
CUST-10113,875.44,6,7965.7,Loyal Customers
CUST-10114,551.75,3,2971.31,New Customers
CUST-10115,1075.76,6,14118.55,Loyal Customers
CUST-10116,863.98,6,7608.86,Loyal Customers
CUST-10117,153.25,5,1626.02,Loyal Customers
CUST-10118,1165.41,4,5722.12,Loyal Customers
CUST-10119,437.55,3,2290.07,New Customers
CUST-10120,873.67,4,7718.47,Loyal Customers
CUST-10121,1182.12,4,7756.38,Loyal Customers
CUST-10122,241.37,6,2799.15,Loyal Customers
CUST-10123,108.3,7,1111.69,New Customers
CUST-10124,179.34,5,1941.03,Loyal Customers
CUST-10125,328.53,4,1666.25,Loyal Customers
CUST-10126,901.91,6,12491.37,Loyal Customers
CUST-10127,1035.67,8,12077.23,Champions
CUST-10128,53.49,6,749.92,New Customers
CUST-10129,407.44,4,2702.6,Loyal Customers
CUST-10130,320.14,6,4109.57,Loyal Customers
CUST-10131,175.58,8,2268.53,Loyal Customers
CUST-10132,113.84,8,2165.41,Loyal Customers
CUST-10133,255.95,4,1397.13,Loyal Customers
CUST-10134,1481.56,8,16973.66,Champions
CUST-10135,245.19,5,2256.92,Loyal Customers
CUST-10136,415.73,3,1629.46,New Customers
CUST-10137,657.04,6,5735.1,Loyal Customers
CUST-10138,275.99,4,2679.17,Loyal Customers
CUST-10139,1833.9,4,18114.79,Loyal Customers
CUST-10140,1691.0,4,11425.36,Loyal Customers
CUST-10141,195.03,5,2340.63,Loyal Customers
CUST-10142,393.83,2,1503.07,New Customers
CUST-10143,228.97,4,1420.19,Loyal Customers
CUST-10144,217.62,8,3678.94,Champions
CUST-10145,68.79,4,565.9,New Customers
CUST-10146,520.25,6,7759.56,Loyal Customers
CUST-10147,399.26,3,1850.04,New Customers
CUST-10148,76.43,4,633.93,New Customers
CUST-10149,213.31,2,540.8,New Customers
CUST-10150,1244.43,6,10063.01,Loyal Customers
CUST-10151,186.93,5,1126.34,New Customers
CUST-10152,128.27,4,1282.29,Loyal Customers
CUST-10153,386.14,8,6928.69,Champions
CUST-10154,2172.02,5,24139.16,Loyal Customers
CUST-10155,188.57,8,2809.95,Champions
CUST-10156,607.58,6,5796.61,Loyal Customers
CUST-10157,766.94,3,3213.44,New Customers
CUST-10158,185.67,2,583.02,New Customers
CUST-10159,701.37,7,8291.18,Champions
CUST-10160,279.26,3,1829.05,New Customers
CUST-10161,550.25,4,4185.35,Loyal Customers
CUST-10162,551.92,4,2871.59,Loyal Customers
CUST-10163,433.69,4,2122.38,Loyal Customers
CUST-10164,97.31,5,648.62,New Customers
CUST-10165,951.82,10,16501.25,Champions
CUST-10166,243.41,5,2936.87,Loyal Customers
CUST-10167,153.22,5,1554.09,Loyal Customers
CUST-10168,70.81,8,1270.35,Loyal Customers
CUST-10169,496.89,8,7180.2,Champions
CUST-10170,615.93,5,5143.49,Loyal Customers
CUST-10171,58.36,4,313.04,Lost Customers
CUST-10172,408.82,7,6692.71,Champions
CUST-10173,178.41,7,2770.16,Champions
CUST-10174,568.06,1,805.83,At Risk Customers
CUST-10175,145.8,4,1088.23,New Customers
CUST-10176,637.11,6,7009.14,Loyal Customers
CUST-10177,294.48,5,2963.37,Loyal Customers
CUST-10178,1430.17,4,13901.52,Loyal Customers
CUST-10179,123.97,4,968.82,New Customers
CUST-10180,258.57,8,3934.93,Champions
CUST-10181,110.22,4,557.91,New Customers
CUST-10182,1343.1,4,6886.21,Loyal Customers
CUST-10183,1099.17,4,6346.81,Loyal Customers
CUST-10184,199.16,7,1731.82,Loyal Customers
CUST-10185,589.38,4,5107.25,Loyal Customers
CUST-10186,899.74,7,13480.21,Champions
CUST-10187,455.07,3,1879.71,New Customers
CUST-10188,427.14,8,7814.62,Champions
CUST-10189,188.44,5,1320.22,Loyal Customers
CUST-10190,98.86,5,786.72,New Customers
CUST-10191,1187.56,2,3618.9,New Customers
CUST-10192,1203.39,6,12159.02,Loyal Customers
CUST-10193,551.33,7,5908.9,Champions
CUST-10194,257.02,2,943.6,New Customers
CUST-10195,264.78,6,2747.87,Loyal Customers
CUST-10196,697.23,6,10385.45,Loyal Customers
CUST-10197,1187.05,2,3021.52,New Customers
CUST-10198,1140.57,4,6317.99,Loyal Customers
CUST-10199,806.78,5,5117.71,Loyal Customers
CUST-10200,563.66,2,2269.95,New Customers
CUST-10201,93.95,3,358.18,Lost Customers
CUST-10202,138.15,5,1579.97,Loyal Customers
CUST-10203,1194.12,5,11138.23,Loyal Customers
CUST-10204,516.25,6,5839.09,Loyal Customers
CUST-10205,54.62,6,632.52,New Customers
CUST-10206,103.5,2,294.36,Lost Customers
CUST-10207,594.58,5,4331.52,Loyal Customers
CUST-10208,52.54,4,339.28,Lost Customers
CUST-10209,137.66,4,1085.6,New Customers
CUST-10210,447.85,7,4618.25,Champions
CUST-10211,638.66,4,3451.9,Loyal Customers
CUST-10212,577.72,4,5687.43,Loyal Customers
CUST-10213,176.97,3,652.28,New Customers
CUST-10214,672.71,7,10564.58,Champions
CUST-10215,185.41,5,2062.19,Loyal Customers
CUST-10216,246.82,4,1566.18,Loyal Customers
CUST-10217,736.18,5,5066.07,Loyal Customers
CUST-10218,574.39,6,4788.03,Loyal Customers
CUST-10219,995.98,7,14687.32,Champions
CUST-10220,585.91,8,9541.6,Champions
CUST-10221,470.02,5,5211.53,Loyal Customers
CUST-10222,99.18,5,1199.43,New Customers
CUST-10223,279.21,7,4103.39,Champions
CUST-10224,204.08,4,1144.98,New Customers
CUST-10225,189.85,5,1439.52,Loyal Customers
CUST-10226,1856.15,7,29817.2,Champions
CUST-10227,299.69,7,3088.25,Champions
CUST-10228,1163.03,4,6021.13,Loyal Customers
CUST-10229,548.67,3,3480.08,New Customers
CUST-10230,841.91,9,13057.69,Champions
CUST-10231,399.22,5,4782.73,Loyal Customers
CUST-10232,480.08,5,4909.59,Loyal Customers
CUST-10233,389.15,5,2563.59,Loyal Customers
CUST-10234,158.61,2,771.53,New Customers
CUST-10235,690.88,11,11674.07,Champions
CUST-10236,214.79,7,2463.33,Loyal Customers
CUST-10237,62.31,2,214.71,Lost Customers
CUST-10238,568.48,9,6480.34,Champions
CUST-10239,147.47,7,1905.02,Loyal Customers
CUST-10240,1460.54,4,7947.18,Loyal Customers
CUST-10241,1588.78,1,2734.71,At Risk Customers
CUST-10242,1281.75,5,10612.44,Loyal Customers
CUST-10243,281.14,6,3719.01,Loyal Customers
CUST-10244,57.79,3,389.05,Lost Customers
CUST-10245,1367.76,3,5742.29,New Customers
CUST-10246,329.47,5,2761.8,Loyal Customers
CUST-10247,1750.42,4,11800.35,Loyal Customers
CUST-10248,1706.87,8,19073.68,Champions
CUST-10249,1008.69,8,18059.56,Champions
CUST-10250,224.39,4,1902.27,Loyal Customers
CUST-10251,293.15,8,3394.62,Champions
CUST-10252,1002.36,2,3361.4,New Customers
CUST-10253,240.57,3,965.33,New Customers
CUST-10254,142.86,4,1152.4,New Customers
CUST-10255,456.87,4,2481.31,Loyal Customers
CUST-10256,1425.65,3,10614.14,New Customers
CUST-10257,645.41,1,1429.52,At Risk Customers
CUST-10258,472.06,2,1611.89,New Customers
CUST-10259,101.11,4,789.55,New Customers
CUST-10260,527.27,5,6286.97,Loyal Customers
CUST-10261,2355.28,4,18091.69,Loyal Customers
CUST-10262,125.46,6,1074.08,New Customers
CUST-10263,415.25,7,4919.11,Champions
CUST-10264,1099.3,4,10096.4,Loyal Customers
CUST-10265,725.02,3,4431.62,New Customers
CUST-10266,647.04,4,5295.2,Loyal Customers
CUST-10267,656.14,4,6107.04,Loyal Customers
CUST-10268,272.75,4,2577.09,Loyal Customers
CUST-10269,223.78,7,3752.83,Champions
CUST-10270,878.69,8,9302.16,Champions
CUST-10271,880.66,3,5039.24,New Customers
CUST-10272,1058.98,5,11451.03,Loyal Customers
CUST-10273,1272.31,4,11114.91,Loyal Customers
CUST-10274,408.05,7,5680.46,Champions
CUST-10275,398.09,9,5076.24,Champions
CUST-10276,850.47,6,11413.27,Loyal Customers
CUST-10277,574.86,5,6139.92,Loyal Customers
CUST-10278,655.28,2,1719.41,New Customers
CUST-10279,844.31,3,4566.75,New Customers
CUST-10280,1153.66,6,9871.91,Loyal Customers
CUST-10281,256.24,6,2519.45,Loyal Customers
CUST-10282,285.47,4,1397.09,Loyal Customers
CUST-10283,99.35,2,341.84,Lost Customers
CUST-10284,481.71,2,1844.78,New Customers
CUST-10285,68.3,5,684.88,New Customers
CUST-10286,363.3,9,6743.94,Champions
CUST-10287,441.15,4,4035.93,Loyal Customers
CUST-10288,218.82,7,2267.08,Loyal Customers
CUST-10289,496.82,2,1347.99,New Customers
CUST-10290,65.49,5,755.4,New Customers
CUST-10291,69.03,5,484.46,Lost Customers
CUST-10292,914.68,7,15796.74,Champions
CUST-10293,273.29,2,1254.58,New Customers
CUST-10294,117.94,8,1746.65,Loyal Customers
CUST-10295,419.33,3,3114.57,New Customers
CUST-10296,784.82,6,6246.84,Loyal Customers
CUST-10297,171.56,7,1914.24,Loyal Customers
CUST-10298,537.61,8,8729.46,Champions
CUST-10299,94.61,6,939.44,New Customers
CUST-10300,76.53,5,921.02,New Customers
CUST-10301,428.95,6,3308.05,Loyal Customers
CUST-10302,438.96,6,5041.58,Loyal Customers
CUST-10303,557.27,4,4387.1,Loyal Customers
CUST-10304,697.48,2,2857.64,New Customers
CUST-10305,1911.78,5,14647.72,Loyal Customers
CUST-10306,413.15,9,6224.21,Champions
CUST-10307,245.01,4,2250.94,Loyal Customers
CUST-10308,842.83,3,3674.96,New Customers
CUST-10309,207.93,5,2365.08,Loyal Customers
CUST-10310,338.99,4,2618.98,Loyal Customers
CUST-10311,90.85,4,796.18,New Customers
CUST-10312,62.84,3,401.1,Lost Customers
CUST-10313,1693.69,6,14935.96,Loyal Customers
CUST-10314,953.88,6,11100.1,Loyal Customers
CUST-10315,645.32,5,7511.67,Loyal Customers
CUST-10316,312.93,4,2205.22,Loyal Customers
CUST-10317,145.15,8,2852.63,Champions
CUST-10318,135.06,5,1207.36,Loyal Customers
CUST-10319,194.0,4,1075.26,New Customers
CUST-10320,448.4,1,765.08,At Risk Customers
CUST-10321,676.92,3,4949.43,New Customers
CUST-10322,589.7,4,3810.93,Loyal Customers
CUST-10323,214.21,4,1995.14,Loyal Customers
CUST-10324,1599.05,6,22504.66,Loyal Customers
CUST-10325,719.51,5,5954.81,Loyal Customers
CUST-10326,454.12,6,3564.54,Loyal Customers
CUST-10327,523.02,8,8962.08,Champions
CUST-10328,322.02,4,2067.32,Loyal Customers
CUST-10329,192.33,6,2559.31,Loyal Customers
CUST-10330,270.01,3,1438.15,New Customers
CUST-10331,759.09,7,9728.45,Champions
CUST-10332,57.25,6,759.56,New Customers
CUST-10333,111.69,7,1326.82,Loyal Customers
CUST-10334,73.55,4,522.5,New Customers
CUST-10335,70.79,3,358.71,Lost Customers
CUST-10336,1017.1,2,3412.46,New Customers
CUST-10337,658.12,3,3719.16,New Customers
CUST-10338,371.39,4,3344.67,Loyal Customers
CUST-10339,101.48,3,508.5,New Customers
CUST-10340,388.26,8,5844.17,Champions
CUST-10341,370.73,3,2304.37,New Customers
CUST-10342,145.1,5,1124.7,New Customers
CUST-10343,334.45,5,2610.01,Loyal Customers
CUST-10344,304.17,1,734.09,At Risk Customers
CUST-10345,528.36,5,5655.04,Loyal Customers
CUST-10346,554.06,7,7564.21,Champions
CUST-10347,73.18,5,747.19,New Customers
CUST-10348,284.69,8,2819.79,Champions
CUST-10349,541.56,3,3255.12,New Customers
CUST-10350,399.72,5,3722.11,Loyal Customers
CUST-10351,1020.67,6,11693.71,Loyal Customers
CUST-10352,587.49,6,5876.93,Loyal Customers
CUST-10353,138.93,2,362.85,Lost Customers
CUST-10354,86.59,6,754.04,New Customers
CUST-10355,564.2,4,5497.46,Loyal Customers
CUST-10356,63.43,5,549.12,New Customers
CUST-10357,490.67,3,2659.48,New Customers
CUST-10358,1458.63,6,11101.81,Loyal Customers
CUST-10359,478.39,9,5376.89,Champions
CUST-10360,295.65,5,3152.13,Loyal Customers
CUST-10361,565.41,10,10740.16,Champions
CUST-10362,356.48,4,2654.08,Loyal Customers
CUST-10363,444.41,4,2695.0,Loyal Customers
CUST-10364,1469.06,1,3185.19,At Risk Customers
CUST-10365,293.96,5,2085.24,Loyal Customers
CUST-10366,1674.55,5,12114.63,Loyal Customers
CUST-10367,1228.79,2,4421.0,New Customers
CUST-10368,158.95,4,999.57,New Customers
CUST-10369,85.94,5,653.89,New Customers
CUST-10370,103.11,8,1681.82,Loyal Customers
CUST-10371,59.19,5,605.64,New Customers
CUST-10372,99.6,4,905.14,New Customers
CUST-10373,624.44,2,2176.82,New Customers
CUST-10374,86.92,6,675.41,New Customers
CUST-10375,242.08,8,3012.94,Champions
CUST-10376,981.76,5,12144.44,Loyal Customers
CUST-10377,61.77,5,610.06,New Customers
CUST-10378,892.27,2,3787.95,New Customers
CUST-10379,215.54,9,2346.41,Loyal Customers
CUST-10380,112.88,5,1057.45,New Customers
CUST-10381,646.58,2,1614.88,New Customers
CUST-10382,545.7,2,2117.31,New Customers
CUST-10383,1099.71,3,7908.01,New Customers
CUST-10384,714.15,5,8780.24,Loyal Customers
CUST-10385,863.5,1,1642.99,At Risk Customers
CUST-10386,215.67,8,3098.13,Champions
CUST-10387,147.67,5,1793.06,Loyal Customers
CUST-10388,744.38,8,12360.8,Champions
CUST-10389,872.1,7,7840.73,Champions
CUST-10390,2378.5,6,25765.51,Loyal Customers
CUST-10391,316.04,8,3823.62,Champions
CUST-10392,282.62,7,3582.3,Champions
CUST-10393,798.98,9,12886.66,Champions
CUST-10394,258.37,5,2527.85,Loyal Customers
CUST-10395,1385.07,3,6913.44,New Customers
CUST-10396,1027.42,9,13070.8,Champions
CUST-10397,330.18,7,4286.98,Champions
CUST-10398,744.89,3,5093.42,New Customers
CUST-10399,752.32,6,9313.15,Loyal Customers
CUST-10400,104.42,5,856.17,New Customers
CUST-10401,1214.22,4,11735.12,Loyal Customers
CUST-10402,401.85,5,4793.85,Loyal Customers
CUST-10403,925.67,4,5450.89,Loyal Customers
CUST-10404,242.87,4,1215.55,Loyal Customers
CUST-10405,1179.4,7,17863.01,Champions
CUST-10406,296.49,4,2699.16,Loyal Customers
CUST-10407,55.45,4,545.22,New Customers
CUST-10408,1228.95,4,11585.53,Loyal Customers
CUST-10409,97.86,6,1163.02,New Customers
CUST-10410,242.33,4,1831.09,Loyal Customers
CUST-10411,1548.49,5,9571.14,Loyal Customers
CUST-10412,1553.97,4,9452.23,Loyal Customers
CUST-10413,476.0,4,3422.43,Loyal Customers
CUST-10414,549.62,7,7760.23,Champions
CUST-10415,347.51,5,3343.76,Loyal Customers
CUST-10416,223.51,8,3871.98,Champions
CUST-10417,249.24,1,389.74,At Risk Customers
CUST-10418,608.16,7,8235.16,Champions
CUST-10419,747.92,4,3932.81,Loyal Customers
CUST-10420,834.1,5,7247.33,Loyal Customers
CUST-10421,829.42,4,7216.61,Loyal Customers
CUST-10422,97.82,6,1233.35,Loyal Customers
CUST-10423,391.02,4,3891.22,Loyal Customers
CUST-10424,79.64,3,373.02,Lost Customers
CUST-10425,448.73,2,1658.19,New Customers
CUST-10426,341.28,5,2778.66,Loyal Customers
CUST-10427,1143.31,10,20268.41,Champions
CUST-10428,266.1,3,1847.27,New Customers
CUST-10429,112.25,7,1641.85,Loyal Customers
CUST-10430,127.15,6,1790.71,Loyal Customers
CUST-10431,766.72,4,4491.62,Loyal Customers
CUST-10432,531.45,4,4964.55,Loyal Customers
CUST-10433,103.3,3,395.97,Lost Customers
CUST-10434,93.93,5,1106.08,New Customers
CUST-10435,653.6,4,4255.74,Loyal Customers
CUST-10436,87.77,2,282.45,Lost Customers
CUST-10437,912.59,6,10215.83,Loyal Customers
CUST-10438,662.5,5,8025.85,Loyal Customers
CUST-10439,92.42,8,933.2,New Customers
CUST-10440,94.33,5,781.92,New Customers
CUST-10441,2207.73,8,40861.42,Champions
CUST-10442,284.42,5,2438.71,Loyal Customers
CUST-10443,281.53,4,1642.89,Loyal Customers
CUST-10444,887.79,1,1555.61,At Risk Customers
CUST-10445,1521.08,5,12938.46,Loyal Customers
CUST-10446,2184.39,2,10441.55,New Customers
CUST-10447,749.95,4,6571.1,Loyal Customers
CUST-10448,286.01,4,2124.09,Loyal Customers
CUST-10449,93.6,3,697.73,New Customers
CUST-10450,800.62,6,8670.06,Loyal Customers
CUST-10451,458.68,6,3510.86,Loyal Customers
CUST-10452,326.02,6,3014.26,Loyal Customers
CUST-10453,1234.12,4,8722.22,Loyal Customers
CUST-10454,108.94,5,764.75,New Customers
CUST-10455,389.25,1,946.6,At Risk Customers
CUST-10456,55.71,4,489.55,Lost Customers
CUST-10457,366.18,4,2268.5,Loyal Customers
CUST-10458,78.98,9,1398.84,Loyal Customers
CUST-10459,113.25,5,1210.53,Loyal Customers
CUST-10460,112.51,5,1363.47,Loyal Customers
CUST-10461,573.78,5,6730.85,Loyal Customers
CUST-10462,735.3,3,4124.47,New Customers
CUST-10463,487.78,6,6459.28,Loyal Customers
CUST-10464,1687.36,3,9773.8,New Customers
CUST-10465,284.9,6,3279.49,Loyal Customers
CUST-10466,218.23,4,1177.74,New Customers
CUST-10467,1064.75,5,7261.49,Loyal Customers
CUST-10468,176.54,7,2333.65,Loyal Customers
CUST-10469,1701.44,4,10545.63,Loyal Customers
CUST-10470,56.11,10,688.72,New Customers
CUST-10471,1801.26,5,19270.74,Loyal Customers
CUST-10472,72.06,5,447.57,Lost Customers
CUST-10473,1158.86,2,4574.86,New Customers
CUST-10474,425.07,8,6464.33,Champions
CUST-10475,2528.41,5,31092.66,Loyal Customers
CUST-10476,88.33,5,807.99,New Customers
CUST-10477,453.55,5,2908.83,Loyal Customers
CUST-10478,1791.79,4,13740.82,Loyal Customers
CUST-10479,420.22,2,1927.5,New Customers
CUST-10480,546.31,4,5454.19,Loyal Customers
CUST-10481,644.95,10,11347.56,Champions
CUST-10482,353.06,3,1712.07,New Customers
CUST-10483,543.84,8,10348.78,Champions
CUST-10484,488.91,3,2124.74,New Customers
CUST-10485,1207.12,6,14485.81,Loyal Customers
CUST-10486,73.26,1,126.54,Lost Customers
CUST-10487,214.92,4,1077.54,New Customers
CUST-10488,1552.0,10,25630.86,Champions
CUST-10489,1154.84,7,12487.93,Champions
CUST-10490,354.09,9,6666.5,Champions
CUST-10491,533.97,6,7796.21,Loyal Customers
CUST-10492,212.44,6,1973.7,Loyal Customers
CUST-10493,154.2,6,2086.27,Loyal Customers
CUST-10494,361.53,3,1379.56,New Customers
CUST-10495,267.98,10,5090.37,Champions
CUST-10496,488.12,6,3783.09,Loyal Customers
CUST-10497,90.46,2,436.79,Lost Customers
CUST-10498,1882.48,5,20672.05,Loyal Customers
CUST-10499,2191.93,6,27030.94,Loyal Customers
CUST-10500,648.93,4,5895.07,Loyal Customers
CUST-10501,434.04,6,5317.26,Loyal Customers
CUST-10502,235.19,4,2313.92,Loyal Customers
CUST-10503,890.45,5,9475.07,Loyal Customers
CUST-10504,627.16,4,6025.94,Loyal Customers
CUST-10505,138.74,2,519.51,New Customers
CUST-10506,1259.15,6,10215.62,Loyal Customers
CUST-10507,914.5,4,6901.28,Loyal Customers
CUST-10508,1545.87,3,6330.03,New Customers
CUST-10509,696.8,3,4118.6,New Customers
CUST-10510,525.2,5,4798.35,Loyal Customers
CUST-10511,320.85,3,1934.11,New Customers
CUST-10512,1399.51,5,8488.45,Loyal Customers
CUST-10513,1055.2,4,6134.04,Loyal Customers
CUST-10514,73.14,3,403.43,Lost Customers
CUST-10515,63.36,4,617.3,New Customers
CUST-10516,286.17,11,5347.33,Champions
CUST-10517,881.82,5,7723.38,Loyal Customers
CUST-10518,2232.14,6,28514.73,Loyal Customers
CUST-10519,131.5,4,1044.11,New Customers
CUST-10520,500.86,5,3978.36,Loyal Customers
CUST-10521,289.74,5,2512.11,Loyal Customers
CUST-10522,1801.85,4,10688.67,Loyal Customers
CUST-10523,972.96,7,16725.9,Champions
CUST-10524,961.1,4,5266.13,Loyal Customers
CUST-10525,366.21,6,3698.82,Loyal Customers
CUST-10526,317.92,4,1568.72,Loyal Customers
CUST-10527,209.69,1,312.09,At Risk Customers
CUST-10528,79.01,7,1224.89,Loyal Customers
CUST-10529,1050.21,4,6139.66,Loyal Customers
CUST-10530,888.06,3,3474.31,New Customers
CUST-10531,4136.22,6,45087.87,Loyal Customers
CUST-10532,2897.44,7,24601.32,Champions
CUST-10533,455.33,2,1193.13,New Customers
CUST-10534,782.64,7,12326.13,Champions
CUST-10535,1498.09,3,9900.47,New Customers
CUST-10536,997.39,3,7150.3,New Customers
CUST-10537,192.08,3,1331.59,New Customers
CUST-10538,349.41,4,2918.48,Loyal Customers
CUST-10539,119.15,5,755.42,New Customers
CUST-10540,1590.11,4,14105.58,Loyal Customers
CUST-10541,515.92,4,4744.77,Loyal Customers
CUST-10542,179.8,2,805.08,New Customers
CUST-10543,606.91,5,5647.41,Loyal Customers
CUST-10544,531.34,8,6387.81,Champions
CUST-10545,271.71,7,4372.5,Champions
CUST-10546,110.27,7,1655.94,Loyal Customers
CUST-10547,606.72,6,9009.76,Loyal Customers
CUST-10548,417.31,4,2340.92,Loyal Customers
CUST-10549,789.9,3,3538.84,New Customers
CUST-10550,417.15,6,3692.67,Loyal Customers
CUST-10551,1005.89,7,15703.99,Champions
CUST-10552,451.38,1,651.33,At Risk Customers
CUST-10553,461.56,7,4157.06,Champions
CUST-10554,1096.38,4,10955.59,Loyal Customers
CUST-10555,308.32,5,1899.68,Loyal Customers
CUST-10556,121.94,5,1393.71,Loyal Customers
CUST-10557,64.6,4,432.83,Lost Customers
CUST-10558,753.53,11,19015.37,Champions
CUST-10559,534.2,2,2052.4,New Customers
CUST-10560,658.83,6,9376.98,Loyal Customers
CUST-10561,169.74,3,1224.2,New Customers
CUST-10562,123.31,3,448.28,Lost Customers
CUST-10563,57.33,4,297.64,Lost Customers
CUST-10564,265.84,8,3244.28,Champions
CUST-10565,495.7,2,2052.3,New Customers
CUST-10566,298.99,3,2112.15,New Customers
CUST-10567,337.66,5,3035.43,Loyal Customers
CUST-10568,1222.53,7,17021.85,Champions
CUST-10569,264.05,2,763.13,New Customers
CUST-10570,410.76,5,4613.8,Loyal Customers
CUST-10571,815.44,7,14027.69,Champions
CUST-10572,302.54,4,1874.75,Loyal Customers
CUST-10573,536.55,6,5934.0,Loyal Customers
CUST-10574,1041.57,4,5465.96,Loyal Customers
CUST-10575,1543.1,5,14866.78,Loyal Customers
CUST-10576,129.54,7,1680.84,Loyal Customers
CUST-10577,1355.83,3,5644.74,New Customers
CUST-10578,388.75,4,2759.65,Loyal Customers
CUST-10579,199.37,4,1303.34,Loyal Customers
CUST-10580,357.29,5,3355.66,Loyal Customers
CUST-10581,2006.83,10,39360.91,Champions
CUST-10582,389.25,7,3299.76,Champions
CUST-10583,249.31,7,3820.68,Champions
CUST-10584,551.74,6,7041.08,Loyal Customers
CUST-10585,187.31,2,627.94,New Customers
CUST-10586,89.45,1,113.49,Lost Customers
CUST-10587,118.99,10,2595.61,Champions
CUST-10588,118.51,3,868.1,New Customers
CUST-10589,132.38,6,1201.11,Loyal Customers
CUST-10590,124.73,5,1010.68,New Customers
CUST-10591,562.04,3,2426.26,New Customers
CUST-10592,150.37,5,1466.15,Loyal Customers
CUST-10593,262.07,1,367.24,At Risk Customers
CUST-10594,1185.49,4,7886.11,Loyal Customers
CUST-10595,371.19,4,3127.08,Loyal Customers
CUST-10596,600.64,5,5790.67,Loyal Customers
CUST-10597,144.56,3,738.32,New Customers
CUST-10598,156.78,2,547.56,New Customers
CUST-10599,70.86,1,136.82,Lost Customers
CUST-10600,142.52,3,516.35,New Customers
CUST-10601,213.27,7,1943.87,Loyal Customers
CUST-10602,147.41,4,1383.04,Loyal Customers
CUST-10603,96.44,5,627.48,New Customers
CUST-10604,114.28,5,1210.69,Loyal Customers
CUST-10605,358.81,3,2579.21,New Customers
CUST-10606,165.55,4,1027.64,New Customers
CUST-10607,276.49,4,1859.83,Loyal Customers
CUST-10608,400.0,5,3879.22,Loyal Customers
CUST-10609,636.23,5,7463.67,Loyal Customers
CUST-10610,70.05,2,339.68,Lost Customers
CUST-10611,853.25,6,11065.41,Loyal Customers
CUST-10612,544.3,4,2857.79,Loyal Customers
CUST-10613,92.65,7,1342.4,Loyal Customers
CUST-10614,1084.07,4,7516.47,Loyal Customers
CUST-10615,1318.35,9,21498.55,Champions
CUST-10616,81.51,5,515.11,New Customers
CUST-10617,212.09,9,2764.66,Champions
CUST-10618,870.47,5,9695.56,Loyal Customers
CUST-10619,739.68,5,6620.67,Loyal Customers
CUST-10620,151.99,6,1451.95,Loyal Customers
CUST-10621,167.45,6,1707.21,Loyal Customers
CUST-10622,281.39,5,3251.1,Loyal Customers
CUST-10623,381.33,3,2486.7,New Customers
CUST-10624,531.5,4,3303.83,Loyal Customers
CUST-10625,280.16,6,2273.89,Loyal Customers
CUST-10626,360.45,1,550.62,At Risk Customers
CUST-10627,738.11,3,5307.74,New Customers
CUST-10628,68.69,5,671.78,New Customers
CUST-10629,195.47,5,1850.62,Loyal Customers
CUST-10630,674.75,4,5331.33,Loyal Customers
CUST-10631,1177.88,5,9869.7,Loyal Customers
CUST-10632,408.39,10,9185.66,Champions
CUST-10633,429.76,1,808.07,At Risk Customers
CUST-10634,106.68,5,721.04,New Customers
CUST-10635,346.57,1,474.04,At Risk Customers
CUST-10636,430.3,6,4900.08,Loyal Customers
CUST-10637,188.85,5,2282.72,Loyal Customers
CUST-10638,206.84,5,1655.59,Loyal Customers
CUST-10639,286.83,4,2673.74,Loyal Customers
CUST-10640,60.14,6,791.41,New Customers
CUST-10641,244.36,5,1859.79,Loyal Customers
CUST-10642,168.78,3,631.52,New Customers
CUST-10643,248.37,8,2647.48,Champions
CUST-10644,113.78,6,1465.76,Loyal Customers
CUST-10645,1156.04,3,5061.97,New Customers
CUST-10646,500.2,9,7574.95,Champions
CUST-10647,618.32,2,2290.5,New Customers
CUST-10648,828.35,5,8876.27,Loyal Customers
CUST-10649,395.02,5,2660.84,Loyal Customers
CUST-10650,95.47,2,329.98,Lost Customers
CUST-10651,435.13,4,3186.18,Loyal Customers
CUST-10652,491.96,4,3744.96,Loyal Customers
CUST-10653,734.11,7,11633.47,Champions
CUST-10654,332.52,5,2366.16,Loyal Customers
CUST-10655,118.24,5,1330.33,Loyal Customers
CUST-10656,216.88,2,911.22,New Customers
CUST-10657,275.56,7,3708.57,Champions
CUST-10658,569.11,4,4801.91,Loyal Customers
CUST-10659,472.89,4,3283.04,Loyal Customers
CUST-10660,270.1,4,1490.88,Loyal Customers
CUST-10661,2203.1,5,22752.44,Loyal Customers
CUST-10662,515.42,7,6790.36,Champions
CUST-10663,185.4,8,3012.61,Champions
CUST-10664,103.67,3,509.88,New Customers
CUST-10665,132.94,4,1265.06,Loyal Customers
CUST-10666,191.15,4,1501.38,Loyal Customers
CUST-10667,137.58,5,901.87,New Customers
CUST-10668,153.25,5,1367.52,Loyal Customers
CUST-10669,217.8,4,1902.08,Loyal Customers
CUST-10670,145.2,6,1944.86,Loyal Customers
CUST-10671,1185.38,6,13107.72,Loyal Customers
CUST-10672,91.82,5,1084.91,New Customers
CUST-10673,421.71,9,5875.09,Champions
CUST-10674,314.15,5,2723.36,Loyal Customers
CUST-10675,2069.32,4,19602.07,Loyal Customers
CUST-10676,109.41,6,1552.67,Loyal Customers
CUST-10677,303.63,10,6350.18,Champions
CUST-10678,1794.53,6,24944.05,Loyal Customers
CUST-10679,1053.12,3,4155.85,New Customers
CUST-10680,899.33,6,12542.94,Loyal Customers
CUST-10681,199.14,3,965.9,New Customers
CUST-10682,143.7,3,617.26,New Customers
CUST-10683,602.28,6,5460.92,Loyal Customers
CUST-10684,1375.19,3,7192.36,New Customers
CUST-10685,456.83,6,4184.2,Loyal Customers
CUST-10686,473.86,2,1532.23,New Customers
CUST-10687,214.24,4,1178.71,New Customers
CUST-10688,783.74,4,4968.99,Loyal Customers
CUST-10689,153.54,3,895.43,New Customers
CUST-10690,245.54,7,3049.87,Champions
CUST-10691,327.07,3,1619.73,New Customers
CUST-10692,404.24,1,877.36,At Risk Customers
CUST-10693,188.81,6,2675.27,Loyal Customers
CUST-10694,110.99,3,727.16,New Customers
CUST-10695,521.6,6,5106.26,Loyal Customers
CUST-10696,220.28,2,955.04,New Customers
CUST-10697,485.23,6,4068.84,Loyal Customers
CUST-10698,133.83,6,1099.63,New Customers
CUST-10699,378.06,6,3741.25,Loyal Customers
CUST-10700,430.27,9,8713.09,Champions
CUST-10701,76.61,5,582.31,New Customers
CUST-10702,255.19,6,1963.29,Loyal Customers
CUST-10703,122.17,7,1172.7,New Customers
CUST-10704,82.74,6,1149.88,New Customers
CUST-10705,2350.6,5,23787.12,Loyal Customers
CUST-10706,244.57,3,1121.94,New Customers
CUST-10707,880.04,8,13530.61,Champions
CUST-10708,196.94,3,1114.22,New Customers
CUST-10709,622.07,5,6382.65,Loyal Customers
CUST-10710,764.03,4,4593.81,Loyal Customers
CUST-10711,502.72,5,5840.95,Loyal Customers
CUST-10712,368.93,6,3546.54,Loyal Customers
CUST-10713,315.38,3,1989.13,New Customers
CUST-10714,264.52,8,2583.77,Champions
CUST-10715,1376.28,3,6954.83,New Customers
CUST-10716,937.8,6,9324.9,Loyal Customers
CUST-10717,1726.59,2,6583.58,New Customers
CUST-10718,116.36,4,602.56,New Customers
CUST-10719,706.28,2,3145.99,New Customers
CUST-10720,1443.06,5,10701.15,Loyal Customers
CUST-10721,149.98,6,1871.86,Loyal Customers
CUST-10722,84.41,6,1136.52,New Customers
CUST-10723,725.7,4,5603.65,Loyal Customers
CUST-10724,477.21,5,5161.42,Loyal Customers
CUST-10725,972.04,5,10014.03,Loyal Customers
CUST-10726,125.28,10,2082.38,Loyal Customers
CUST-10727,843.03,6,11388.51,Loyal Customers
CUST-10728,162.59,6,1544.39,Loyal Customers
CUST-10729,139.36,8,2165.7,Loyal Customers
CUST-10730,139.72,4,1212.24,Loyal Customers
CUST-10731,892.55,3,4532.31,New Customers
CUST-10732,597.11,8,7612.39,Champions
CUST-10733,420.19,8,6041.13,Champions
CUST-10734,272.23,6,3696.92,Loyal Customers
CUST-10735,1098.6,7,18524.93,Champions
CUST-10736,299.16,6,3425.83,Loyal Customers
CUST-10737,898.04,3,5549.64,New Customers
CUST-10738,339.14,6,4831.19,Loyal Customers
CUST-10739,286.56,8,3044.67,Champions
CUST-10740,360.58,7,3790.39,Champions
CUST-10741,229.32,3,1459.57,New Customers
CUST-10742,738.39,7,11737.48,Champions
CUST-10743,399.3,4,3696.15,Loyal Customers
CUST-10744,182.12,6,1900.95,Loyal Customers
CUST-10745,1199.17,5,7891.39,Loyal Customers
CUST-10746,292.17,3,1550.63,New Customers
CUST-10747,442.14,6,3979.15,Loyal Customers
CUST-10748,1234.75,7,13643.82,Champions
CUST-10749,539.4,7,8321.66,Champions
CUST-10750,112.16,4,582.4,New Customers
CUST-10751,1455.31,5,16560.36,Loyal Customers
CUST-10752,544.04,5,4776.58,Loyal Customers
CUST-10753,253.91,6,3008.69,Loyal Customers
CUST-10754,124.99,3,493.66,Lost Customers
CUST-10755,840.0,2,2752.79,New Customers
CUST-10756,533.89,2,1405.85,New Customers
CUST-10757,431.21,8,8451.68,Champions
CUST-10758,1171.65,8,21084.48,Champions
CUST-10759,827.0,6,8919.25,Loyal Customers
CUST-10760,132.25,6,1182.82,New Customers
CUST-10761,236.78,3,1714.41,New Customers
CUST-10762,192.83,2,635.57,New Customers
CUST-10763,731.18,7,7213.1,Champions
CUST-10764,67.05,4,518.22,New Customers
CUST-10765,471.86,4,4580.61,Loyal Customers
CUST-10766,768.71,4,3705.1,Loyal Customers
CUST-10767,1096.83,3,4967.22,New Customers
CUST-10768,259.34,5,3137.96,Loyal Customers
CUST-10769,910.9,4,5182.72,Loyal Customers
CUST-10770,108.62,8,1170.7,New Customers
CUST-10771,986.87,5,9578.79,Loyal Customers
CUST-10772,118.19,4,1096.99,New Customers
CUST-10773,303.16,6,3310.92,Loyal Customers
CUST-10774,848.0,3,6342.04,New Customers
CUST-10775,131.21,5,1366.51,Loyal Customers
CUST-10776,180.2,4,934.35,New Customers
CUST-10777,690.52,6,10319.22,Loyal Customers
CUST-10778,686.55,3,3563.73,New Customers
CUST-10779,562.42,7,6195.28,Champions
CUST-10780,642.0,4,4944.03,Loyal Customers
CUST-10781,441.23,5,3520.17,Loyal Customers
CUST-10782,195.04,6,1535.83,Loyal Customers
CUST-10783,262.09,5,1574.98,Loyal Customers
CUST-10784,150.2,5,1340.13,Loyal Customers
CUST-10785,1245.44,3,8548.4,New Customers
CUST-10786,487.8,4,3793.19,Loyal Customers
CUST-10787,306.12,3,2294.97,New Customers
CUST-10788,359.95,2,1132.34,New Customers
CUST-10789,1521.41,4,9521.55,Loyal Customers
CUST-10790,133.23,5,937.76,New Customers
CUST-10791,491.22,5,3471.18,Loyal Customers
CUST-10792,402.5,8,5057.76,Champions
CUST-10793,522.67,3,3497.76,New Customers
CUST-10794,59.14,6,843.6,New Customers
CUST-10795,1078.35,9,23948.49,Champions
CUST-10796,1394.99,10,20952.49,Champions
CUST-10797,466.36,3,3281.79,New Customers
CUST-10798,646.44,5,5257.88,Loyal Customers
CUST-10799,1328.73,5,8946.99,Loyal Customers
CUST-10800,664.2,7,10837.88,Champions
CUST-10801,132.76,6,1614.52,Loyal Customers
CUST-10802,479.35,2,1355.75,New Customers
CUST-10803,516.61,3,2725.81,New Customers
CUST-10804,325.94,7,3589.89,Champions
CUST-10805,716.75,6,9279.7,Loyal Customers
CUST-10806,1411.84,5,12632.01,Loyal Customers
CUST-10807,1348.94,6,20121.28,Loyal Customers
CUST-10808,349.68,5,2222.52,Loyal Customers
CUST-10809,110.09,5,914.58,New Customers
CUST-10810,2144.59,2,7834.05,New Customers
CUST-10811,962.86,9,16066.9,Champions
CUST-10812,116.57,3,563.3,New Customers
CUST-10813,1318.15,5,14157.05,Loyal Customers
CUST-10814,1069.71,8,20000.8,Champions
CUST-10815,415.78,7,7044.22,Champions
CUST-10816,497.36,4,4469.49,Loyal Customers
CUST-10817,304.58,6,4213.75,Loyal Customers
CUST-10818,78.16,6,898.38,New Customers
CUST-10819,254.13,4,2311.24,Loyal Customers
CUST-10820,861.9,4,5497.41,Loyal Customers
CUST-10821,52.32,6,539.34,New Customers
CUST-10822,252.86,2,815.2,New Customers
CUST-10823,303.89,5,2746.55,Loyal Customers
CUST-10824,435.44,3,2052.57,New Customers
CUST-10825,1311.96,2,6428.87,New Customers
CUST-10826,262.59,3,1265.7,New Customers
CUST-10827,263.05,5,1745.96,Loyal Customers
CUST-10828,718.75,5,6773.77,Loyal Customers
CUST-10829,350.94,3,1341.53,New Customers
CUST-10830,177.19,10,2380.93,Loyal Customers
CUST-10831,351.14,5,2607.59,Loyal Customers
CUST-10832,125.91,6,1362.59,Loyal Customers
CUST-10833,147.03,5,1296.21,Loyal Customers
CUST-10834,394.94,4,3538.07,Loyal Customers
CUST-10835,321.44,7,4863.11,Champions
CUST-10836,1281.65,6,13489.69,Loyal Customers
CUST-10837,275.02,6,2695.97,Loyal Customers
CUST-10838,484.45,5,3903.25,Loyal Customers
CUST-10839,550.2,5,6069.19,Loyal Customers
CUST-10840,56.59,4,286.96,Lost Customers
CUST-10841,594.63,2,1446.94,New Customers
CUST-10842,148.03,2,661.46,New Customers
CUST-10843,1673.0,6,18272.06,Loyal Customers
CUST-10844,130.47,7,1251.37,Loyal Customers
CUST-10845,317.75,7,3350.25,Champions
CUST-10846,94.61,4,912.86,New Customers
CUST-10847,2934.04,7,47594.48,Champions
CUST-10848,398.77,6,5078.91,Loyal Customers
CUST-10849,502.41,7,6424.94,Champions
CUST-10850,84.72,2,317.93,Lost Customers
CUST-10851,743.07,4,7335.03,Loyal Customers
CUST-10852,167.8,4,1648.15,Loyal Customers
CUST-10853,1191.66,7,12344.32,Champions
CUST-10854,164.79,3,1114.56,New Customers
CUST-10855,155.79,10,2268.88,Loyal Customers
CUST-10856,68.62,5,506.94,New Customers
CUST-10857,369.39,4,3071.75,Loyal Customers
CUST-10858,466.02,6,4827.53,Loyal Customers
CUST-10859,83.98,6,1214.91,Loyal Customers
CUST-10860,797.0,3,3145.87,New Customers
CUST-10861,351.92,4,2625.28,Loyal Customers
CUST-10862,421.58,6,6055.76,Loyal Customers
CUST-10863,340.59,5,4045.11,Loyal Customers
CUST-10864,306.05,4,1718.14,Loyal Customers
CUST-10865,460.08,2,1542.77,New Customers
CUST-10866,134.35,5,1346.78,Loyal Customers
CUST-10867,150.4,3,634.95,New Customers
CUST-10868,1039.47,9,22999.27,Champions
CUST-10869,1510.46,8,28869.94,Champions
CUST-10870,283.65,6,2411.66,Loyal Customers
CUST-10871,207.87,3,846.53,New Customers
CUST-10872,566.41,5,3712.92,Loyal Customers
CUST-10873,312.74,7,5215.31,Champions
CUST-10874,62.86,4,365.0,Lost Customers
CUST-10875,134.89,3,704.61,New Customers
CUST-10876,679.34,6,7269.66,Loyal Customers
CUST-10877,587.82,6,6978.83,Loyal Customers
CUST-10878,63.73,6,494.55,Lost Customers
CUST-10879,175.5,6,1573.98,Loyal Customers
CUST-10880,181.38,7,3061.08,Champions
CUST-10881,607.21,5,7228.6,Loyal Customers
CUST-10882,59.95,1,132.84,Lost Customers
CUST-10883,104.97,7,900.26,New Customers
CUST-10884,854.51,6,8332.02,Loyal Customers
CUST-10885,148.34,7,2093.72,Loyal Customers
CUST-10886,578.85,7,6311.91,Champions
CUST-10887,186.02,3,1329.59,New Customers
CUST-10888,102.37,3,621.61,New Customers
CUST-10889,189.31,4,979.47,New Customers
CUST-10890,690.55,7,11512.77,Champions
CUST-10891,1017.92,5,12444.54,Loyal Customers
CUST-10892,936.63,4,4874.3,Loyal Customers
CUST-10893,303.07,4,2293.73,Loyal Customers
CUST-10894,601.44,4,3835.67,Loyal Customers
CUST-10895,164.7,5,1408.73,Loyal Customers
CUST-10896,223.47,3,961.05,New Customers
CUST-10897,1183.3,5,11546.01,Loyal Customers
CUST-10898,56.54,5,691.35,New Customers
CUST-10899,94.69,7,1228.93,Loyal Customers
CUST-10900,166.53,3,653.34,New Customers
CUST-10901,63.45,2,254.54,Lost Customers
CUST-10902,150.1,6,1479.06,Loyal Customers
CUST-10903,487.38,6,6763.05,Loyal Customers
CUST-10904,323.59,7,3998.18,Champions
CUST-10905,1165.93,7,11839.85,Champions
CUST-10906,900.35,2,2608.2,New Customers
CUST-10907,259.14,4,2279.77,Loyal Customers
CUST-10908,200.16,4,1237.22,Loyal Customers
CUST-10909,288.77,8,5076.35,Champions
CUST-10910,496.16,7,5097.33,Champions
CUST-10911,206.03,4,1333.59,Loyal Customers
CUST-10912,539.28,5,4867.37,Loyal Customers
CUST-10913,313.32,2,1520.32,New Customers
CUST-10914,451.53,5,5443.8,Loyal Customers
CUST-10915,336.46,5,2471.21,Loyal Customers
CUST-10916,224.4,2,747.56,New Customers
CUST-10917,1532.63,3,6410.48,New Customers
CUST-10918,771.13,7,10056.17,Champions
CUST-10919,125.48,5,1128.52,New Customers
CUST-10920,1064.25,3,7569.99,New Customers
CUST-10921,384.16,8,7403.56,Champions
CUST-10922,1174.77,6,11973.05,Loyal Customers
CUST-10923,854.36,5,7856.92,Loyal Customers
CUST-10924,326.88,7,5411.72,Champions
CUST-10925,61.36,8,1103.9,New Customers
CUST-10926,206.45,4,994.89,New Customers
CUST-10927,440.04,6,4266.87,Loyal Customers
CUST-10928,551.85,7,6753.6,Champions
CUST-10929,199.13,3,895.26,New Customers
CUST-10930,125.04,6,1094.91,New Customers
CUST-10931,950.69,3,3562.59,New Customers
CUST-10932,2130.31,4,17352.51,Loyal Customers
CUST-10933,422.95,2,1303.75,New Customers
CUST-10934,144.18,3,548.47,New Customers
CUST-10935,208.94,4,1253.86,Loyal Customers
CUST-10936,59.28,4,531.75,New Customers
CUST-10937,1278.44,7,20645.02,Champions
CUST-10938,112.64,2,411.81,Lost Customers
CUST-10939,479.62,6,5009.8,Loyal Customers
CUST-10940,210.14,7,3635.11,Champions
CUST-10941,453.92,7,4641.37,Champions
CUST-10942,576.94,4,3415.43,Loyal Customers
CUST-10943,935.22,5,7385.56,Loyal Customers
CUST-10944,165.6,6,1415.48,Loyal Customers
CUST-10945,55.53,5,470.1,Lost Customers
CUST-10946,123.6,5,1473.41,Loyal Customers
CUST-10947,1201.39,5,12013.57,Loyal Customers
CUST-10948,1085.3,5,9417.86,Loyal Customers
CUST-10949,504.92,6,7315.52,Loyal Customers
CUST-10950,508.79,3,1927.82,New Customers
CUST-10951,596.87,4,3517.6,Loyal Customers
CUST-10952,146.41,3,850.2,New Customers
CUST-10953,1279.1,2,5116.98,New Customers
CUST-10954,321.3,9,3618.8,Champions
CUST-10955,291.56,2,1005.25,New Customers
CUST-10956,415.86,11,9349.71,Champions
CUST-10957,74.05,6,936.39,New Customers
CUST-10958,140.93,7,2002.21,Loyal Customers
CUST-10959,719.77,4,4654.7,Loyal Customers
CUST-10960,93.21,7,862.33,New Customers
CUST-10961,512.1,5,4494.32,Loyal Customers
CUST-10962,190.75,4,1043.31,New Customers
CUST-10963,296.57,1,721.23,At Risk Customers
CUST-10964,220.33,6,2402.95,Loyal Customers
CUST-10965,269.77,9,3914.95,Champions
CUST-10966,684.78,3,4511.74,New Customers
CUST-10967,226.29,4,1672.1,Loyal Customers
CUST-10968,467.82,7,5249.57,Champions
CUST-10969,373.18,2,1683.46,New Customers
CUST-10970,594.83,6,8306.12,Loyal Customers
CUST-10971,1430.96,6,17814.69,Loyal Customers
CUST-10972,709.45,8,7157.26,Champions
CUST-10973,171.0,6,1986.54,Loyal Customers
CUST-10974,65.84,2,288.68,Lost Customers
CUST-10975,202.08,5,1391.81,Loyal Customers
CUST-10976,502.03,7,5261.73,Champions
CUST-10977,76.4,2,358.65,Lost Customers
CUST-10978,392.95,2,963.65,New Customers
CUST-10979,504.21,3,3295.36,New Customers
CUST-10980,253.42,7,3221.26,Champions
CUST-10981,786.82,5,7005.9,Loyal Customers
CUST-10982,106.36,6,771.68,New Customers
CUST-10983,89.06,9,1815.57,Loyal Customers
CUST-10984,701.32,6,7017.89,Loyal Customers
CUST-10985,392.09,7,5222.95,Champions
CUST-10986,633.02,4,5267.98,Loyal Customers
CUST-10987,335.31,4,2834.62,Loyal Customers
CUST-10988,191.45,5,2338.32,Loyal Customers
CUST-10989,904.91,5,8554.77,Loyal Customers
CUST-10990,853.26,6,8803.78,Loyal Customers
CUST-10991,643.22,5,7846.74,Loyal Customers
CUST-10992,208.83,6,2549.45,Loyal Customers
CUST-10993,496.08,4,3150.3,Loyal Customers
CUST-10994,273.9,2,747.43,New Customers
CUST-10995,98.03,4,900.0,New Customers
CUST-10996,1296.35,4,8663.95,Loyal Customers
CUST-10997,123.57,4,1017.49,New Customers
CUST-10998,1550.25,7,19663.98,Champions
CUST-10999,345.3,8,4029.27,Champions
